日期,評分,留言
2023年11月4日,1,App很不好用，買個機票，點選附加說明之後，就無法回到前一頁，會跳到起始頁面，一切從頭開始。連此評論區都很糟糕，不好用，只能手動輸入，無法語音輸入，也無法插入截圖，叫使用者如何告知缺失在哪裏呢？需要加強的地方太多了啦，實在太差、太糟糕了，加油！！
2023年6月24日,2,看到有人說難用，心有戚戚焉啊！真的很難用，跟網頁版不相上下，可能是我孤陋寡聞，就只遇過這家官網新版能改的比舊版本難用的，整個重點都放錯了，消費者需要的是邏輯清楚操作簡單，而不是華麗頁面或flash做那麼多占資源，結果官網跑不動老是卡，要不然就是找不到所需資訊，根本本末倒置，也是佩服了。
2023年9月19日,1,不建議使用此APP，去年是聯名卡專區無法使用，撥打客服沒有相關回應，甚至挑問題回答（跟沒回答似），今年是用APP加購高鐵票無法使用，跟客服反映，得到答案是網頁沒問題，沒有說明APP問題是否排除；所以建議大家使用華航網頁就好，因為APP上遇到的問題，都得到網頁沒問題，不是APP沒問題~
2023年11月3日,1,華航的訂票系統真的有問題，app永遠跑一半就當著不動，網路訂票連兩天都出現信用卡交易失敗無法訂票，但兩張信用卡卻都出現交易成功，佔掉信用卡額度，去客服反應也得不到處理結果。
2023年8月3日,1,對剛開始用的人不友善。我已經訂好位也輸入伩用卡.，按錯一個鍵就整個变模糊不知道是否完成交易.。也没有交易碼，要重新做一次。因為不知道有没有密碼，所以一直無法完成。
2023年9月4日,2,體驗不是很好，介面值得再優化。例如選取出發日期之後，要選回程日期時，介面應該從出發日後開始顯示，而不是從現在的日期開始顯示，不然滑動日曆很浪費時間。
2023年12月3日,1,最新的23.11.11 R01 版本，不接受 Android 8.0以下的手機。 已經告知華航，但仍然没有行動。 大家就換到別家航司吧！
2023年9月15日,1,爛透了！在APP上購票失敗還重複扣款兩次，然後叫我繼續刷卡買票？然後我問客服如果又失敗呢？又繼續佔用我額度？ 之後客服人員建議我在官網買會比較穩定？那請問貴公司設計APP 的目的就是盡量產生客訴？ 實在無法理解華航設計APP的初衷？是要便民，還是要整人？
2023年10月20日,1,用一次就想噴一次，跳轉速度慢就算了，還直接卡死！體驗超級差，到底哪一點是國際性航空的軟體服務？找個專業軟體公司來協助大改版吧。
2023年10月13日,1,滿滿的Bug，輸長榮App一大截，有夠難用，我網路報後，管理行程裡面的‘’Email確認信‘’功能收不到信，更慘的是，我網路報到我跟我老婆‘’成功‘’後，只找的到自己的登機證，我老婆的登機證直接不見完全找不到，其他之Bug多不勝數，極致之爛的UIUX體驗
2023年10月16日,1,超難用，還不如用網頁版，還沒劃位系統就自動選了位置，想變更還跳錯誤訊息，客服也是無限忙線中，體驗很差
2023年7月4日,1,APP的使用感覺上非常不容易，說明不夠清楚，使用的詞彙不容易懂，總之比較其他航空公司的APP ，有種想摔手機的感覺，請貴公司快改進，否則想放棄搭華航了！
2023年11月28日,1,不好操作。生日不小心key錯還不能改。還要走紙本流程這什麼爛東西 麻煩死了
2023年10月6日,4,早上還能用 晚上再開就馬上閃退 重安裝、換手機裝也是一樣情況 馬上就修好了，我願意給你們這效率再多加3顆星 不過你們的介面跟長榮比起來還是頗為難用，希望可以改善
2023年10月26日,4,之前付款，系統出現錯誤訊息，導致失敗2~3次，給了2⭐。而後隔一日日再重新預訂終於成功，所以決定改4⭐⭐⭐⭐。
2023年10月6日,1,昨天還能正常使用，今天就瘋狂閃退，查不了網路報到資料，已經是最新的版本了還這樣，實在不知道是哪裡的問題
2023年8月11日,4,也是進了隱私保護政策的頁面，勾選了“我已清楚閱讀……”，然後按確認沒反應，重新安裝也無用。原本想給三星，但是想到國籍航空的機組員，決定再給一顆。請儘快修正，不然真心壞了遊興。
2023年8月24日,1,這是拿學生期末作品去改是不是根本爛到流湯寫出這種大便APP的人你根本入錯行不要再來害人. 今天還發現機票上的時間不會自動換成當地時間，是沒搭過飛機是嗎那家的機票不是用當地時間標的你跟我說
2023年8月14日,1,打開App，點選同意隱私權政策後並按下確定後，就完全跑不動，怎麼按都沒反應。重載重開App也沒用.....
2023年10月3日,1,"難用,不能選餐。跳出什麼格式錯誤。並未將物件參考列為什麼什麼的。"
2023年11月30日,1,登機證無法下載，app的流暢度很差
2023年8月12日,1,裝完APP 進入後，同意隱私權打勾，按確定完全沒反應，根本就進不去APP 內，到底在搞什麼？
2022年8月15日,1,我原先選擇的日期比較貴，後來依照程式改選更便宜的日期，但是結帳時還是要收我比較貴的票價，那我幹嘛要改...真是莫名其妙。剛要反映行李箱被地勤人員摔壞，結果：1.email系統只處理訂位問題，2.機器人客服有顯示內容，但按文中的連結卻是網址無法顯示或一堆亂碼，真是夠了！
2023年11月22日,1,沒辦法選回程航班 app沒反應
2023年9月6日,3,1.會員登入建議可以開啟生物辨識。 2.希望訂購其他天合聯盟的航班可以整合進華航APP。
2023年7月1日,1,程式一直閃退，無法使用。幾次之後又變成主頁到輸入訂位號碼頁面直接反覆跳頁
2023年7月15日,1,為什麼加購服務裡的加購高鐵票永遠都轉不出來？？？APP已經更新到最新版了！
2022年11月7日,1,那麼大個公司結果app出乎意料的難用，完全無法理解設計此app的設計師腦子到底裝了什麼？？？選機票到最後一步就快付款了，不小心誤點了某個服務條款之類的link結果無法上一步，必須回到首頁全部資料都必須重新輸入，超級難用！！！！
2023年4月19日,2,用過那麼多航空APP就這個最難用，別的航空公司下面一個管理行程的按鈕按下去直接顯示已訂的行程...這個華航APP還要先點我的行程再點管理行程再點進去行程才能看到資訊.... 然後有付費選位後就直接不能改了....別的航空付費選位後起飛前想怎變動就怎改...自由的很.....這個APP就顯示出你那時候選的位置，然後完全不給你改....
2022年11月18日,1,1. 美國舊金山，臨櫃電腦自助報到列印出的登機證，必須重新人工換發正式登記證，否則不得登機，沒有在票上或手機上列出，只出一張公告貼在櫃檯前，等乘客排了很長的隊，到達櫃檯前才被粗暴大吼告知要重新列印換發，之後更只能重新排隊登機，登機效率極低，應及早做出調整。 2. 手機登機條碼及二維碼，在舊金山機場登機時，根本無法使用，只是電腦作業的形式化，自欺欺人還浪費資源。 3. 舊金山登機前使用的人臉識別電腦，攝像頭角度不可調，無法適應不同身高的乘客，嚴重影響登機效率。 4. 宣布登機順序的地勤人員，完全不管排隊人數長短多少，以至登機時所有乘客都不論組別湧向登機門，排起長龍，讓分組沒有發揮其設計的應有效率，地勤人員亦毫無改善思路。 5. 協助舊金山登機之地勤人員素質差，效率低，念稿速度快到讓中外乘客根本不知道在鬼叫什麽，對登機秩序毫無幫助。 6. 結論，華航應切實檢討登機效率，別讓登機的混亂，延誤每班班機起飛的時間。
2023年7月9日,1,爛到爆的APP。按照指示密碼條件(數字+英文大小寫)，根本無法註冊。
2022年10月27日,1,APP很有問題，完全沒辦法註冊 所有資料填完然後輸入email收到的驗證碼之後 跳出一個錯誤訊息rcv email是必要項 全部東西都填了大小寫都試過一直無法成功註冊 結果後來是用手機瀏覽器註冊之後再來用App登入，填的內容一樣結果可以註冊成功 這App非常爛...........
2023年11月11日,1,莫名其妙一直當機無法開啟
2023年9月6日,1,在網路升級回台的豪華經濟艙，但不知道為什麼會跑到同行的友人哪裡，出發前有問客服也說不知道為什麼會這樣也沒辦法處理，去服務處問也是一樣的答覆，最後只好取消豪華經濟艙。 另外想問升級豪華經濟艙的錢能否退，因為不論是官方網站或是這個App都沒有這個選項。
2023年9月20日,1,app打不開，官網選餐也連不上，已經好幾天，貴公司電腦人員沒上班嗎？
2023年10月2日,2,8月份使用時還正常，現在10月想訂票卻一直出現閃退的情況
2023年10月29日,1,爛爛爛，已經2個月，都無法訂購來回機票！
2023年9月7日,1,閃退問題很嚴重，開啟APP後，五秒後就閃退，連進去都不行。
2019年11月26日,1,忽然完全無法開啟。關機重開，甚至刪掉重裝都不行。看評論原來很多用戶都有這問題，不是用戶的手機問題。請技術部門儘快儘快解決。已經兩天啦！謝謝。
2023年11月19日,1,一直到去程都OK回程一直當機
2023年7月18日,1,就無法開啟app還要我們截圖給你們，認真一點好嗎？ 7/18又壞了！都要登機了還修不好，爛透了
2023年11月26日,1,"一直結束app,是要怎麼購買機票"
2023年8月14日,1,畫面停在隱私保護政策，按確認都沒有反應，根本不能用
2023年7月16日,1,難用不智慧 沒有一個資料會同步？ 全部都要重新輸入 完全沒有輔助作用
2023年8月25日,2,安裝後沒幾天又被強迫更新，然後就一直繞圈圈。
2023年7月2日,2,一直跳驗證碼過期 是驗證碼的期限只有3秒嗎？ 請解決問題
2019年5月5日,1,連線是要連多久?等半天跟我說連線逾時，浪費客戶的時間，這種垃圾APP是上市公司的APP嗎？丟臉丟到家了，難用到極點，華航的高層到底有沒有自己用過自家的APP呀？還是華航的高層根本不管事？連自家的產品差都不知道？
2021年6月30日,1,都有了app供旅客方便與貴公司對接，結果app無法操作要反應給貴公司，貴公司的回答居然是截圖或著錄製錯誤內容，請問一下貴公司app客服人員都有使用過貴公司的app嗎，不知道貴公司的app是無法截圖的嗎，，真是奇了，再來貴公司開發了這個app，難道不是為了提供旅客及貴公司更方便更好的服務達到雙方的互利嗎，結果app有任何的問題，貴公司最後的處理，還是回歸到古早以前的模式，請打客服電話，或者臨櫃處理，始終無法在網路或者app上圓滿處理，請加油好嗎，非常支持華航的旅客，謝謝。
2020年1月4日,1,已經更新到最新版，每次搜尋航班都要認證。跳出來改日期再進去又要再認證。訂個機票要認證10幾次，手機螢幕小，很難對準認證的圖形。真的越更新越糟糕。太不方便了。
2023年7月22日,1,"閃退很嚴重, 我是三星A34 點app直接閃退，手機說這個app當機頻繁"
2018年10月7日,1,太頻繁更新APP。而且要透過Google play在大陸就無法更新，每次回台下載，搭飛機出去就不能用了，所以很不可靠，不更新就打不開，造成旅途困擾。
2019年7月29日,3,功能太陽春了，欠缺登機閘門以及航班誤點的最新即時動態資訊。如果能結合機場平面地圖查詢捷運列車、登機閘門、公共設施的位置就更方便。
2019年2月21日,1,付款完直接跳回付款頁面，也沒顯示成功或失敗。郵件和訊息也沒有。但再訂時選得的座位已經沒了，到底有沒有訂。
2023年3月3日,1,2023/3/3更新之後旅客資料那邊一直出現錯誤訊息 變得不能選位也看不到行李訊息 想說重新登入試試看，結果登入就出現錯誤訊息，現在連登入都不行了，指紋也不行，驗證碼也根本沒有顯示麻煩趕快改善 Android
2023年8月13日,1,隱私權勾選聲明後按下確認按鈕後什麼反應都沒有
2018年11月6日,3,程式慢，反應遲鈍，app寫得不好，填半天單到最後要付錢，想看了一下保險內容，看完按返回結果跳出去到開始填單的地方，只能重新填單，垃圾！
2023年8月20日,5,分類詳細，選擇容易。
2018年12月8日,1,已經建立好的資料 在預辦登機還要再手動輸入一次 請問建立資料要幹嘛用？系統不會自帶有夠兩光… 建立位同行旅伴 只有出現一個 一個還要重複手動輸入所有資料 這麼難用的app好歹也更新一下
2023年8月17日,1,一直當掉，七次，爛APP，不推薦使用
2019年6月28日,3,app設計的很奇怪，去程選好日期時段後，再選擇回程時段前，又再跳回去程選時段一次，才能選擇回程時段，希望能夠改善。
2022年12月1日,2,"雖然用很多年了，還是覺得很爛。 假設我要選的去程日期是5日，不小心按到了6日，就得關掉整個app,重來。 居然不能改，太瞎了，太瞎了。"
2023年3月3日,1,真的爛透了 要更新好好更新資料無法打 都在擋 到底誰設計的程式 網路報到也在轉圈圈 不是沒要訂到其他航空 真的很不想訂華航 真的在走國際化航空公司網路 去看看參考長+航空app 真的無法比
2020年6月8日,2,多點行程購票頁面，每一個航段的刪除按鈕都沒有作用，形同虛設。多點行程購票頁面無法再返回至來回行程購票頁面。app操作使用說明和常見問題無法解決問題。
2019年1月16日,3,我無法輸入密碼那些特殊符號，這很莫名其妙，一直無法順利登入，如果不能輸入特殊符號，那為什麼當初密碼設定還要我們一定要有?超擾民
2020年5月18日,1,為何一定要更新之後才能繼續使用? 另外 根據您的建議刪掉原本的APP並再下載一次，仍是一樣的停頓，無解。
2022年2月21日,1,用App預先上傳健康申明，因不能截圖以為系統會存，到機場才發現跟華航系統跟本沒串接重來一遍，之前也沒累積哩程，用網站登錄才正常
2020年5月26日,1,買個機票信用卡就被盜刷，若不是要留言提醒大眾，一顆星都不想給！ 制式化回覆能補救客戶的損失嗎！用你家的app買來的機票居然是讓我搭乘東方航空的飛機，卻沒有在付款前提示，這也算是一種詐欺行為，你回覆留言有什麼意義？！
2023年5月1日,2,"第一次遇到這麼破的APP,收到email跟訊息提醒要先網路報到，問題是app試了一整天不是當機就是15秒頁面就自動關閉，網頁也沒辦法操作網路報到，超崩潰的"
2019年7月30日,1,填寫資料，輸入日期居然是從當天日期（2019.07）開始，要選擇自己生日那年，居然要按箭頭一個月一個月跳，按了幾百下才到，這是在整人嗎？
2018年10月6日,1,整天強迫更新，結果連移除查詢過的行程這種基本功能也沒有，也沒登入，只要一查過別人的行程就刪不掉，爛透了
2019年9月12日,1,已是最新版本，卻一直通知進行更新，點開至Google Play卻沒有更新選項，一再的在app跟Google Play之間跳來跳去。經再次確認目前版本已為最新版了，請儘快解決問題，不然無法使用
2019年11月26日,1,很爛~~一直閃退 ASUS_Z01KDA Android 8.0.0 中華航空APP一直閃退，開不了。 造成訂機票查詢航班的困擾，請盡快改善，以免影響會員權益。
2019年7月22日,2,使用者體驗有點差！ 再按確認前並沒有任何提示表單顯示要再檢查 導致名字一個字元輸入錯誤，以為可以修改但發現若需修正挺麻煩的，希望能夠改善
2022年12月15日,1,Non stop 更新，但每次更新後，app就開不了。 必須一直重新安裝。 這麽大個航空公司，請找個好一點的團隊好好研究一下吧！
2023年3月21日,1,不是一直被登出，就是查個機票要一直重新登入，然後還一直出現錯誤訊息，越改越爛欸！
2019年10月19日,1,今天再要登入，如往常用華夏卡号顯示格示錯誤。改試以mail登入没問題。似乎改版或系統更改没测試過耶。請儘快檢測更新一下吧~
2019年9月12日,1,明明剛才下載，一點開App就跳出有新版本要更新，也不能略過，完全不能用！重新下載也一樣，華航加油點好嗎…
2020年10月14日,5,中華航空 加油，非常好用的APP ~ 用了快2年了~希望買機票可以像旅行社一樣有免利息的分期付款~我買的機票去年到現在錢都還沒繳完~也搭不完~都是武漢肺炎害的~ 中華航空 加油，麻煩給空服員更好的防疫服裝和設備~她們是第一線接觸不特定人士~要好好保護她們~ 中華航空 加油~
2021年12月31日,1,不能更新 ， 當打開 apps 時 就表示要更新 ， 當按更新鍵時就跳到 google play 安裝 頁面 ， 但就沒有實際進行更新 ， 不停咁重覆以上頁面 。
2019年10月13日,1,廢到渣，個人資料裡護照英文姓氏及英文名字是正確的，進到行程查詢卻自動帶入相反的，姓氏欄放名字，名字欄放姓氏，還不給修改，輸入機票號後只會跳姓名錯誤，這錯誤都多久了還沒修改好，是要有多廢的公司才能一個app爛那麼久?????
2022年12月1日,1,"一直無法更改座位,一直跳出bug藍幕，跳出系統！真的很難用，惡整我們這些配合貴公司的會員！爛透了！"
2019年9月12日,1,app請我下載更新，按了‘’更新‘’跳到google play頁面，又叫我直接開啟app，然後再跳回app叫我更新，一直無線循環就是打不開app。改版本能改成這樣真是不容易
2019年4月2日,1,太頻繁更新，每次更新，資料全部要重新輸入。預辦登機常在國外，每每更新浪費封包，所有資料要重key。要搭華航就必需忍受這app。
2023年5月6日,1,網路報到時到輸入國籍居住地部分就閃退，根本沒辦法成功登錄資料，試了不下十次都一樣，非常困擾
2023年6月7日,1,安裝完，進入APP後，在隱私保護政策的頁面就停了。頁面完全空白。重新安裝數次仍無法解決問題
2019年11月20日,2,還沒更新都很正常 更新後選定座位無法取消 按垃圾桶都沒反應 在網頁開啟也是一樣 請工程師修改Bug 不然要一直打電話進客服很麻煩的
2023年3月24日,1,疫情那麼久還是不通融的給你刪除帳號，重新弄一個收不到驗證信，重點是也不能用手機收，一間大公司，app寫的那麼爛，這也不行那也不行，還是叫你阿嬤來寫好了？
2023年7月14日,1,都重新下載 一直顯示要更新？ 系統是否多多改善
2018年12月3日,3,應該增加旅客姓名在QR code 顯示頁面，登機檢查時反覆檢查旅客姓名一直要回去按登入頁面，並沒有紙本登機證方便。另外，應增加顯示座位是zone1還是zone2.
2019年11月25日,1,一直停止運作。還有出現艙等不能選餐這個錯誤。吃素或有其他飲食要求也要搭商務艙才能吃飯？完全沒有考慮到用戶經驗的一家公司
2019年11月26日,2,更新後一直閃退，重新安裝也沒用，所以是要告訴我們換家搭嗎！還好更新前剛完成退票不然連登入都不行的軟體叫人怎麼用.....
2020年3月6日,2,App讀取時間非常長 另外更改行程相當麻煩 -- 在進入app與進行各種操作時 都需要等待約30秒
2023年10月6日,1,登入就閃退，根本打不開
2023年10月6日,1,App一直閃退，根本不能用
2023年5月10日,2,好像沒有辦法選擇多個定點的訂票服務。我想訂去幾個國家，竟然出現，沒有選擇？
2023年11月10日,3,可以再搞的順暢些
2022年10月4日,1,改票沒改到日期，等於跟本沒變動，結果還是被收錢了…很糟的app，只知道收費，完全沒有檢查機制
2019年8月1日,1,"只顯示連線逾時，app內也沒更新選項，不是所有國家都能用google,回來才看到要更新版本才能用...無言"
2019年11月25日,1,更新完後，安卓系統的手機不能進入，可是ISO的系統卻可以，為什麼呢?
2023年12月5日,1,為何無法訂票？出現程式碼錯誤的訊息
2019年11月26日,1,太爛了，更新完11/18/2019的更新後完全打不開。 不是吧？千萬不要跟我說11/25/2019已經有改善了~ 依舊是停擺中
2023年8月12日,1,隱私保護政策的確認就卡住了，APP操作體驗還沒開始就...
2023年10月6日,1,在我的兩支手機上，都是一直閃退！
2023年2月20日,3,線上無法更改會員卡上名字，因與護照不同。，少了中間名。導致無法網上買票。
2023年10月21日,1,旅行社先訂好機票，我再自己加入會員在會員資料下還是查不到行程那些，感覺裝了也沒用
2023年3月2日,1,強迫更新，有新增驗證碼欄位。但是哪裡去找驗證碼？根本無法登入使用。
2019年4月13日,1,預辦登機一直失敗，不是無法識別身份資訊，就是選擇航班時查無資料！
2021年10月25日,4,當手機系統為英文，在App介面選擇繁體中文時，許多App內的選項依舊為英文。
2019年3月15日,2,在更新的時候，實在是速度太慢了!!網路是4G+還一直跑不動。。。
2019年9月12日,2,一直出現說有更新，要我下載更新，不然就不給用，問題是沒有啊 是不相容android10的bug嗎？
2022年11月15日,2,無法開啟訊息 然后未讀訊息會自動刪除 好像app被鎖定 也無法選位 也不知哪裡詢問解決app 問題
2019年9月12日,4,"叫我更新APP,更新不了，解除重安裝也不行。 剛好卡到我明天的預辦登機。"
2019年1月2日,1,每次都強迫更新，還要再重複輸入個資，app也沒有變更好用，是在沖銷經費是嗎?！
2019年11月25日,1,從11/18更新後就無法開啟 有方法可以補救嗎？是系統的問題還是 ……………有好幾位跟我一樣的情況ㄝ
2023年10月6日,1,裝了之後一直閃退
2019年9月16日,1,生日登陸無法直接選 幾年幾月幾日，要一直按箭頭，一個月一個月選，才能選到正確的出生年月日
2019年3月20日,3,"請不要搞那種不更新就不能用的更新方式, 你的飛行範圍包含有上不了 Google 更新的地區."
2020年6月28日,5,中華航空 加油，非常好用的APP 只是新版本改成不能截圖，想不透，就把登機證改不能截圖不就好了，不需要全部吧
2023年10月6日,1,狂閃退 打不開程式
2023年4月10日,1,拍證件照必跳出，三不五時也是跳出，介面爛的跟Pchome差不多選項跟玩尋寶一樣，動不動帳號就位重登一次又一次
2019年9月12日,1,無法使用，強制更新卻無法更新，根本都無法即使查看機票資訊，很糟糕。
2023年10月30日,1,網路報到每次要點國家地區就會跳出，永遠無法完成
2020年3月2日,1,更新APP後登入會員常常會自動停止瀏覽跳回首頁，使用上比APP更新前還更糟糕。
2023年2月1日,4,訂票一選完出發地就閃退！！ 2/1更新後，已經沒有這個問題，謝謝
2019年2月12日,4,使用上沒問題 只要不關閉滑掉登出就會一直還在，回國前還會自動更新班機，不用重新查詢很好！！
2019年9月12日,1,是在鬼打牆嗎？開進去說有新版本要更新，進去play又沒更新，華航可以更用心一點好嗎？
2019年12月16日,5,更新完後無法打開。 ===== 更新：謝謝華航 電腦工程師 已可以正常打開。謝謝
2018年9月18日,1,很爛完全無法登入，帳號密碼正確，但是一直說我帳號密碼錯誤！
2020年2月28日,1,點選哩程管理一直閃退，沒有一次查詢成功過，比更新之前還難用
2020年1月22日,4,操作簡單又人性化，給少一顆星是因為反應較慢，希望APP優化後可以改善♥
2019年12月2日,1,進到航班動態，選擇班機出發日後被迫關閉程式。快點修復!!!
2019年9月14日,1,一直叫我更新，按了更新又沒有東西可以更新，只有開啟，進去又不給略過，鬼打牆哦
2023年9月1日,1,請問安裝後閃退的原因?
2019年2月21日,3,在上海根本沒辦法更新，也打不開，完全看不到，有點不方便
2019年4月5日,3,怎麼更新後變比較難用了，我預定機票，去程弄好，按回程，結果一直退回去程重新用，不好用
2019年10月2日,4,舒適親切，餐點不錯，但是常遇到usb插槽故障唯一美中不足！
2018年11月29日,1,為甚麼華航精華遊的出發地點只有台灣，卻沒有其他地區可選擇，例如香港！
2019年11月26日,1,"11.26.2019更新後一直跳閃，無法使用，請盡快處理bug,我是三星S9+手機。"
2023年5月11日,1,一打開就卡住，連主畫面都進不了，直接閃退！！！
2018年10月30日,5,很方便，如果買機票能增加使用國外信用卡會更好。
2018年11月26日,2,APP跑半天結帳居然說已逾時，重新填單又沒票，這APP一點效率都沒有，很差勁
2019年9月12日,5,強制更新，但卻沒更新可用！昨晚還好好的，今天卻用不到！
2021年9月10日,1,行程不讓截屏!!! 這APP很不友善，沒法分享行程給接送機的人!!!
2019年9月12日,2,跳出更新，進入app store並沒有，跳來跳去，根本無法使用
2020年4月9日,1,更新至最新版本後無法使用，出現登入畫面後就閃退出程式
2019年6月2日,1,請做會員， 完成填寫資料，仍要求 再填寫？ 但沒有正確指示……
2019年9月12日,1,不能執行應用。一直被要求更新，可是已經是最新版本了。
2023年4月25日,1,個人資訊打開馬上跳出去，無法打開，也無法查詢旅程狀況
2019年9月12日,1,一直打開app都說要更新 但去googleplay又沒有更新按鈕可以按 解除再重裝也是一樣 完全沒辦法用
2019年7月30日,4,安卓機在大陸遇到要更新app才能使用，不知道怎更新，大陸的app商店也找不到
2023年5月27日,1,應該連一顆星都沒有，連體驗都不給.......download App打開後，就不會動了，哈哈哈
2019年5月8日,3,訂票的UI設計還有改善空間，很難操作
2023年2月22日,1,超爛app，改進一下好嗎 這麼大間的公司連一個訂位app都搞不好 還能幹什麼事？ 超廢
2022年10月15日,3,進入到行程>>旅客時，出現 Webservice response can not parse異常信息，請問能debug嗎？
2019年9月16日,2,訂票訂到後面付款直接閃退 重新用電腦網站訂 價格就已經貴了790台幣
2019年3月18日,4,簡潔清楚。唯一不方便，是經常硬性要求更新！
2019年11月25日,1,裝完隨便點就閃退，外包包了幾層啊，真是廢到可以！
2019年10月1日,5,比起很多航空公司，華航app好用很多～完全不需要再用電腦查詢～
2018年12月5日,4,更新後，登入里程管理後，會立即登出，請修正。
2019年11月27日,1,一間這麼大的公司居然可以放任app故障這麼多天不處理 真的覺得誇張
2023年6月7日,1,下載後開啟，呈現白屏狀態，無法使用。
2019年6月21日,1,更新後一直無法登入會員，但是可以訂票，也太扯了
2022年11月16日,1,不小心把座位改到要付費的座位，要修正的時候一直挑掉，到底是要怎樣？
2019年9月12日,1,不要更新還沒上架就強迫更新，app卻一直強迫更新無法使用。
2020年3月3日,2,更新後，無法選位，點哩程明細會直接跳出app
2021年1月21日,3,請問為什麼我點選加購托運付帳不了！一直顯示說服務器忙碌是什麼問題；
2019年5月5日,1,手機一直連線逾時 2台手機都一樣 電腦用相同資料可登修 垃圾App 浪費我時間
2019年12月2日,3,今日更新後，行程管理查詢閃退 →軟體更新後已經改善
2023年6月8日,1,剛下載完要打開就停在第一頁畫面 無法使用
2019年9月13日,5,很方便，除了常常會要再次輸入基本資料以外
2023年5月26日,5,程式更新後，很理想及方便的訂機位App
2022年10月30日,1,"很糟的app,選日期都沒辦法點選，希望早日改進"
2018年10月30日,5,雖然介面也不算多友善，但比其他航空公司好用多了😂
2020年3月10日,1,線上選位都要錢。。。不如上官網直接預辦登機。
2019年10月2日,4,查訂票方便，但查票時回程只要改時間，去程也要重新選擇票種有點麻煩
2019年6月13日,5,簡單易明，方便快捷，好過到旅行社辦
2019年5月24日,1,想加入做會員，但填寫資料已填好，它還叫填好未填空欄，都不知什麼意思，超級難解?
2019年6月13日,4,好用，但app無法完成訂票，還是要去官網訂票
2019年10月3日,5,一直開不起來，一直錯誤，請告知謝謝，辛苦了！
2019年3月30日,1,生日輸入可以改善一下嗎？你知道超過30歲的人，要點幾次才能找到生日年份嗎？
2019年11月24日,1,更新完一直閃退 要查詢自己航班詳細資訊 就一直閃退出APP
2019年11月25日,2,貴航空公司的手機應用程式， 也無法進入畫面?🙄
2023年7月6日,1,驗證碼每次顯示過期，完全不能登錄
2019年10月2日,3,如果在官網訂改日期之類的會比較方便
2022年5月11日,1,一直要求更新，更新完還是打不開，實在是....
2023年6月8日,1,安裝開啟後，只有隱私保護政策四個字，其他白色一片什麼都沒有
2020年3月10日,1,個人資訊突然與網路版不一致，里程不見了……
2019年11月24日,1,更新後一直閃退無法查看行程細節...請盡快改善(HTC U12+)
2023年7月14日,3,無法安裝成功
2019年6月15日,1,完全無法登錄，常常在登錄故障
2019年11月25日,1,更新後無法開啟，一直無法開啟
2019年4月3日,3,可以先預辦登機和選位，不錯用
2019年9月12日,2,一直跳出更新訊息，但到市場又沒有新版本
2019年5月5日,1,一直説連線逾時。無法登入。爛
2019年11月25日,3,更新完無法開啟，一直顯示程式中止
2019年9月12日,1,"是鬼打牆嗎？？app叫我更新, 進入store又叫我開啟app， 整個移除後重新安裝也一樣"
2023年3月3日,1,強迫更新之後，就無法登錄。
2023年10月6日,2,打不開阿 會跳掉
2023年10月2日,1,會員查詢很不方便
2023年9月11日,1,登入都沒辦法，啥年代
2019年10月18日,1,更新不了，跑了30分都沒跑完
2020年1月5日,1,更新後查詢班機動態就會閃退！之前都不會有這樣狀態！
2023年12月1日,5,服務最好的
2023年5月27日,3,剛開啟就閃退，希望可以解決，謝謝您！
2023年10月6日,1,開啟直接閃退
2018年10月30日,4,坐飛機的時候可觀看時間表，可有充分利用時間。
2018年11月30日,5,很方便使用。選擇座位。
2019年10月2日,1,劃位操作更新後無敵繁瑣，越更新越難用
2019年9月12日,1,安裝完後進入APP一直要我再更新... 無限循環
2019年11月26日,1,大當機，一直開不了，如何訂票
2022年11月9日,1,申請重設密碼，但一直沒收簡訊及e mail
2019年11月25日,1,更新後今日使用一直閃退，無法開啟行程
2019年1月30日,5,可以即時了解行程，方便登機及航班狀況
2019年11月24日,1,昨天更新過，就無法選座並閃退。
2019年7月26日,5,方便好用，介面也很清晰
2019年9月13日,3,速度比較慢，介面不是很好用
2023年10月16日,1,完全打不開，一直閃退
2023年10月2日,3,餐點預訂後不能修正
2023年2月4日,4,2/3更新後，網路報到無法更改座位資料
2019年1月17日,3,比一般的軟體，反應慢一些
2019年6月13日,3,今天沒更新不能使用，更新完變的不能選位
2021年1月30日,1,按鍵没反應，不能下載更新。
2020年5月22日,1,哩程數去那個欄位辦理兌換??請你們自己試試!
2023年6月8日,5,開啟後無法進入，顯示隱私保護政策，
2019年11月26日,1,有能使用的app嗎？已經好幾天都開不了
2023年5月11日,2,無法順利報到。後來報到成功卻出現同行另一位團 員的名字。害乘客必須在機場裡來回奔跑。
2022年11月23日,1,進入APP之後，一秒立刻被彈出
2023年6月26日,1,垃圾，update完之後更本開唔到訂票
2023年6月8日,3,我是小米10手機，進去到隱私權介面後就一片空白啥都不能按
2020年2月26日,3,"改版後,無法正常的選位"
2019年10月2日,1,新版無法升級也無法重新安裝
2019年8月4日,5,第一次乘坐 各員工都好有耐性及禮貌非常好
2019年11月23日,1,更新完就開不起來了
2021年10月26日,5,很方便，簡單使用。
2023年7月24日,1,沒有線上客服
2020年12月11日,5,簡明引導，點選便利。
2023年5月1日,2,讀取速度極慢，還會閃退
2018年12月30日,4,始終在系統忙碌，無法登入
2022年12月17日,1,密碼到底要輸入什么才肯放行，有夠爛的app!
2023年3月3日,1,更新完就不能登入了
2022年12月12日,1,資料被外洩 只是用app查詢價格 過幾天Email竟然收到假的機票資料
2021年5月19日,1,更新之後 打不開了 是怎樣？？？
2019年11月25日,1,更新之後竟然會閃退，越更新越糟糕
2019年8月20日,5,空服員的服務態度親切細心，機長跟大家的介紹風趣幽默，讓大家搭乘的心情愉快輕鬆，這個班機的駕駛技術也是一流。謝謝大家的服務～
2023年3月9日,1,網頁跟app真的垃圾，訂個票一堆問題
2019年4月11日,1,有夠爛，預辦登機一直失敗
2019年7月22日,1,都幾天了加入會員一直顯示維修中
2019年9月15日,5,完美！解釋的很清楚！
2023年3月6日,5,更新後不能用一直錯誤
2019年9月12日,1,明明已經更新 卻一直要我更新到最新版本！！！是怎樣啊啊啊！！！
2019年12月2日,3,直接更新會閃退，要重新安裝才行
2019年8月17日,2,名字輸入錯誤無法更改 請改善
2019年3月7日,2,用APP預辦登機完成後，還是沒有顯示QR code。
2019年9月12日,1,更新之後就完全打不開app了啊😠😠😠😠
2019年11月25日,1,我用三星galaxy fold登入後一直閃退，是什麼原因？
2019年11月27日,1,更新後一直無法打開App
2023年6月7日,5,為什麼安裝後，一直停留在隱私保護政策，然後就沒有回應了？
2019年10月2日,5,介面操作容易清晰
2019年11月27日,3,更新後都不能開啟
2019年3月28日,1,不更新在大陸根本沒辦法用!!!!!
2019年9月12日,1,更新後還是一直叫我更新，什麼也做不了
2018年12月6日,2,無法付款 (已收到及輸入驗證碼)
2019年10月3日,5,還蠻不錯值得下載保留
2019年11月22日,1,怎麼更新完，app無法開啟....
2019年9月12日,1,無法更新新版。舊版也打不開
2018年12月31日,1,儲存證件了但是預辦登機又不能直接帶入，那儲存證件資訊是存辛酸的嗎？
2019年10月15日,1,華航ＡＰＰ根本無法下載？
2022年11月11日,1,一直頻頻閃退，無法付款
2019年5月5日,1,請問要看幾次連線逾時才可以進行下一步
2020年12月30日,1,詐騙集團，顯示要飛，突然不飛，改票超貴
2022年11月21日,1,爛死了，一直當機
2020年12月15日,1,"個人資料（身分證字號及郵遞區號）根本無法更改, 要儲存時也無法，請再加油"
2019年10月11日,2,時不時更新，工程師請加油！
2023年3月2日,2,哈囉這次更新後的登入頁面驗證碼跑不出來 無法登入
2023年5月23日,2,網路報到，輸入國家選項，屢次閃退，無法使用
2019年9月12日,1,很爛更新後無法開啟
2023年4月4日,1,想要編輯資料一直卡住！之前用都還不會！
2018年10月10日,2,更新後變得很不方便
2019年9月12日,1,已更新，但打開APP還是叫我重新更新
2019年6月13日,5,很便利快速訂購App
2019年3月16日,5,簡單方便使用
2019年11月26日,1,更新後無法開啟app
2019年5月15日,2,我竟然鬼打牆的卡在選擇航班項目上，不知道要點哪裡？
2019年11月25日,2,最近APP無法使用(安卓系統)
2018年10月1日,5,預訂機票與電子登機很方便
2020年3月1日,5,阿彌陀佛！善哉！善哉！可以多重選擇！快速又方便！感恩！
2019年9月13日,5,華航就是很貼心，服務又佳
2019年4月2日,2,預購還要另一個app很麻煩。
2020年5月18日,5,台灣網路好棒棒 下載google app不卡 使用順暢 台灣No.1 防疫成效全球有目共睹
2023年4月5日,1,開個鏡頭掃描護照一直閃退是在甲賽喔
2020年3月6日,1,非常爛！！ 網頁查得到預辦登機資料，app竟然查不到？是在黑人問號？比長榮的爛多了，網頁也難用！ 我說真的，你們有誠意嗎？2/7的評論你們3/6回覆？然後跟我要那時候的查詢截圖？你們是要回溯資料庫查嗎？還是又一個黑人問號？？？
2023年6月7日,1,手機畫面一直卡在隱私保護政治，是為什麼
2019年11月24日,1,更新後，無法查詢行程及選位點餐...很差勁
2019年11月25日,1,更新完無法使用
2019年2月12日,1,出差在中國都無法更新怎麼用啊
2019年9月12日,1,開啟不了更新
2019年9月12日,4,今程式更新了，完全入不了
2019年11月8日,1,一直故障 爛
2018年10月7日,5,方便，好实用，一目了然
2019年2月15日,5,方便簡單好使用
2023年5月10日,1,出發前被強制換座位，然後要我再額外付選位費，強迫收費這樣合法嗎？
2018年10月31日,1,為什麼在大陸被強迫升級但是沒辦法升級？
2023年3月22日,1,請問第一次註冊，卻一直顯示「身份證字號重復」是怎樣？
2019年11月24日,1,更新過後無法使用
2019年11月23日,1,更新後直接打不開 厲害啦
2022年9月21日,1,弄了好久結果DEBIT CARD 買不了票付不了款
2022年3月11日,5,方便使用，瞭解。
2020年9月3日,2,很爛 ，超難用！！！
2019年9月20日,4,查航班出現SQL Exception訊息
2019年2月19日,4,我更新了但沒有要更新資料（回那個一星李）
2019年11月30日,1,迄今20191130仍更無法使用！！！
2018年10月2日,5,很方便的程式
2019年12月2日,4,更新至最新版本，已可使用
2018年9月16日,3,簡易操作即可
2019年9月13日,5,用APP預辦登機，產生QR碼直接登機
2022年10月21日,1,一直無法登入
2023年6月30日,2,網路管理員該換了
2018年10月30日,3,為何登機證只能查詢最近一次的去程？回程沒有？
2018年10月9日,1,無法下載更新，是否有人跟我相同情形。
2019年6月13日,2,6/13更新完無法選位
2019年6月21日,2,一直連線逾時是要怎麼用...
2023年10月6日,3,重新安裝還是閃退
2019年9月9日,5,非常方便又好用
2019年11月26日,3,"雖然有再更新,但我還是開不起來. 加油"
2021年4月14日,3,登入申報入境健康報告卻因隱私問題無法截圖，請問這樣怎麼入境通關？
2020年6月18日,5,♥情故事情節省錢包含著想說的話說回來源源不絕於耳機器人會用法會有沒有人會用法會有沒有人
2022年12月2日,3,介面頗有年代感 大概是2010的時期
2023年6月8日,2,請問為何網路報到後，查無回程的登機證？（只顯示已用過的去程登記證）
2023年8月10日,1,卡在隱私保護政策，無法進入
2021年10月4日,5,實用方便的APP
2021年6月7日,5,更新後打不開
2019年9月12日,1,一直要我更新，沒有辦法使用
2019年10月25日,5,能即使通知航班訊息
2019年9月12日,1,App叫我更新結果沒有顯示更新的選項？？？
2020年6月3日,2,不能截圖……太不方便
2019年11月26日,1,更新後一直閃退
2020年5月11日,1,很理想很好希望能全部達成
2020年12月17日,1,不要一天到晚一直跟新。。。很煩
2022年10月14日,1,為什麼只出現亞洲航程？
2023年4月3日,2,我要查航班時刻表， 找了半天都沒看到
2019年7月26日,1,永遠出現瀏覽已中斷。？？？
2020年5月30日,5,非常人性化 好好用。頁面很美
2021年6月7日,1,重新下載也沒法用啊
2019年6月13日,3,可以不要強制更新後才能使用嗎
2019年9月12日,1,一定要馬上更新，是怎樣…
2019年3月24日,2,一直更新，不煩嗎？
2022年9月22日,5,中華航空好讚！
2018年11月7日,2,無法更改餐點
2023年3月16日,1,機器人不聰明 沒有返回鍵
2023年3月13日,1,每次按個返回鍵就要全部重來………………
2023年4月2日,1,網路報到一直重複閃退
2019年9月12日,5,真的有更新，還是給你5顆星好了
2019年1月3日,3,方便管理行程，里程累積確認
2019年11月25日,3,更新後瘋狂閃退
2018年12月24日,1,登機訊息不準確
2019年5月6日,5,清新明朗，點選方便。
2023年3月3日,1,預選位置無法取消
2022年11月27日,2,到底是怎麼了？無法選位？
2019年9月12日,5,好用很方便
2019年10月19日,5,好用又方便
2019年9月13日,5,第一點是習慣，再來是方便
2019年11月24日,1,太垃圾了 狂閃退
2022年11月17日,1,更新不了啊
2019年11月17日,1,一直無法加入會員....
2019年10月18日,5,非常的舒適
2023年4月17日,1,一直閃退要怎麼網路報到 垃圾
2021年12月13日,1,不能更新app
2019年9月13日,1,一些功能沒實質用處
2019年2月24日,1,常常登不上
2023年5月19日,1,速度慢，介面又不友善又臭醜
2022年11月3日,1,一按改機位就當了
2023年5月18日,3,真的很難用，，，，
2023年4月21日,5,歡喜 平安的旅程！
2020年2月28日,3,訂票方便而已
2019年5月6日,3,無法網上選餐
2019年6月10日,1,每次都顯示離線
2019年12月9日,5,提出問題會即時修改👍
2019年3月15日,5,明確標示說明
2018年12月12日,1,令人憤怒的超級無敵難用的app
2019年9月12日,5,阿彌陀佛感恩！方便！迅速！
2019年11月23日,1,根本打不開
2019年2月10日,1,app寫的很爛
2018年11月3日,5,好方便實用
2019年9月14日,5,积分兑换方便
2023年5月17日,1,要查會員號碼無法查 要重新加入會員也不行 爛透了
2020年3月17日,5,對於這次疫情處理的很好
2019年9月15日,3,無法補登里程
2019年9月12日,4,不甚順暢！
2019年1月2日,5,太好用了！
2019年3月18日,4,未曾使用，但聽說很好用
2019年12月7日,5,讚爆了，請給IT工程師加薪
2019年11月26日,1,跟台鐵一樣濫的app
2020年3月4日,1,給一顆星都太多！
2019年5月31日,1,無法使用生日購票
2023年10月9日,1,啥都不能用
2019年9月12日,5,非常方便使？
2019年9月12日,1,改版不能用
2019年12月3日,5,新版以可正常使用
2019年3月21日,5,超級棒的app
2019年3月15日,5,簡單明了
2019年10月30日,3,我是第一次使用，我無法註冊成為會員，請問能處理一下嗎？
2020年3月6日,5,開發人員辛苦了❤️👍💪
2021年1月22日,5,作為翡翠會員太值得了
2019年2月12日,5,搭乘中華航空必備工具
2018年10月6日,2,太常更新APP
2019年7月29日,1,找不到免稅煙 可惡。。。。
2022年12月11日,3,HTTP state 500是啥意思
2019年2月12日,4,即時訊息棒
2023年3月17日,3,FB登入會閃退
2021年2月9日,5,實用性佳
2019年5月28日,3,不太會用
2023年6月7日,3,Rog phone6 會卡在隱私權保護政策進不去 一片空白
2021年5月21日,5,安全防疫情小心！全球加油！
2020年10月31日,4,班機預定時間精準
2020年4月29日,4,快速不卡卡
2020年9月27日,5,要帶洗衣粉 中華航空員工宿舍 大甲仁馨 高雄85大樓 查網路住址 EVA航空員工宿舍 台北南山廣場 查網路住址 高鐵員工宿舍 台北南山廣場 查網路住址 中華員工人數 14000 EVA員工人數10000 免跑步 免出超 免測驗
2020年5月9日,5,境↗武。i。--。。。4。。3i‘
2019年11月27日,1,108/11/18以後就不能用
2019年9月12日,1,更新版在哪！！！？
2022年12月20日,5,我的最愛
2022年11月15日,5,fvdf758我是否則 阿爺不過去
2023年7月14日,4,人稱以載
2020年8月4日,1,統治者管制區5好痛
2021年5月9日,2,東埔，😁😁🙏▄█▀█●给跪了
2021年9月24日,5,取消打Bnt
2019年1月2日,1,逗我呢？
2023年12月7日,1,用訂位代號查詢訂位跑出來一個驗證碼，但根本沒驗證碼通知....我在平行宇宙嗎？
2023年11月26日,1,一直閃退
2023年8月19日,2,"difficult to use, and there is no customer feedback available. the system is not convenient to use, I suggest you provide paper feedback questionere for customer to download and mail to you office in Taiwan."
2023年9月16日,1,The user don't have the permission to pick their favorable seat. Showed not record.
2023年10月6日,1,一直閃退
2023年10月8日,1,垃圾軟體
2023年8月8日,1,Android 無法進入 app
2023年8月18日,5,非常好服務。
2023年7月29日,1,難用
2023年9月27日,5,估計也
2023年6月26日,1,查詢訂位購票會跳trust anchor for certification path not found
2023年8月14日,4,恩恩
2023年6月27日,5,讚
2023年5月4日,4,預定航班、報到與登機證的功能符合需求，介面表現尚可， 但是讀取速度不佳，建議可用暫存改善處理速度；登機證的顯示順序不佳，應顯示最近時間的航班，例如回程時首頁顯示回程，但進入登機證頁面卻還是先顯示去程。
2023年5月19日,1,爛到爆
2023年4月12日,1,一直當掉
2023年3月28日,1,不斷閃退
2023年3月20日,2,經常bug
2023年5月4日,5,讚
2023年3月19日,5,Good
2023年3月2日,1,今天更新之後，完全無法登入，因為個資洩漏問題要更新APP可以了解，但既然要更新，為何不好好測試過之後再上路? 多了一個驗證碼的機制，看起來是要利用簡訊作驗證，可是旁邊卻只有一個迴轉的鈕，是要怎麼驗證？
2023年1月5日,1,2023/1/5 update 使用心得： 明明設定好指紋快速登入，也勾選了「保持登入」，但不停地自動登出，而且指紋登入也失效，讓登入成為大麻煩，實在爛透了！能否請華航重視APP的性能，做真正能幫助使用者的更新呢？ ................. 這個最新版極為難用。速度慢不說，操作介面更是非常非常不友善，而且完老是說我沒選擇日期所以無法進到下一步。請趕快改善、或改回舊的版本！
2022年12月10日,5,你好 我希望中華航空創新讓人眼睛一亮LIVE的多功能的軟體，中華航空不要被抖音跟小紅書比下去 ，中華航空加油，覺得多功能實用。
2022年9月27日,3,不好用
2022年7月20日,1,難用
2021年10月17日,1,Poor quality
2021年7月12日,1,"2021/7/12 不能截圖這個軟體就幾乎可以廢了, 劃位也是連結在網頁, 資訊都不能截圖輸出, 看網頁版就好啦, 可以最少改回可以截圖嗎？ 2018/7/11 更新之後超難用, 難用到爆炸. 請改回原來的版本~不然真的很困擾; 這麼難用還不如用電腦就好那我灌App要幹嘛 ~搞笑嗎？"
2021年9月15日,3,可以
2021年4月5日,3,Good
2021年4月5日,1,爛透了
2021年2月9日,1,.無法更新
2021年1月6日,5,真棒！
2021年1月25日,5,好
2020年10月28日,5,Good
2020年7月11日,5,服務好
2020年11月13日,4,好
2020年5月29日,4,讚
2020年3月10日,3,恭喜華航又又把程式改殘了 這次是直接把資料回溯到2018年，直接讓我的翡翠卡[過期]了，華航的IT利害
2020年3月13日,5,"nice app, easy to use."
2020年5月16日,5,I ❤ China Airlines as usual.
2020年3月5日,5,持續進步👍
2020年6月18日,5,好
2020年5月10日,5,Good
2020年4月3日,5,讚
2020年5月27日,5,好
2020年4月27日,2,華航APP原本就不好用，越改越難用，唉……！
2020年2月27日,5,讚
2020年3月17日,5,Good
2020年3月20日,5,好用
2020年2月29日,5,好用
2020年3月2日,4,方便好用
2020年2月17日,1,不行
2020年1月4日,2,還是很慢
2020年3月31日,1,無法更新🤔
2020年3月13日,4,Ok
2019年12月28日,5,超實好
2019年12月4日,5,一直閃退
2019年12月4日,5,Great
2019年11月27日,1,未能使用。
2019年11月24日,1,每次更新都要重新輸入所有證件資料 包含出生年月日等等....這麼基本的事都要一再重新輸入....App還能寫的更爛一點嗎？
2019年11月24日,1,Apps not workiNg!!!
2019年11月25日,3,一直閃退
2019年11月25日,1,一直當掉
2019年11月24日,1,一直跳掉
2019年10月17日,1,Suck !
2020年5月13日,5,讚
2019年10月3日,5,系统流暢
2019年10月4日,1,不更新就不能用，你們難道不知道大陸上不了孤狗？
2019年9月26日,3,更新後無法查看時刻表
2019年10月2日,4,不錯用
2019年10月12日,4,不錯用
2019年10月2日,5,實在好用
2019年9月16日,5,讚
2019年9月14日,5,方便
2019年9月12日,5,Good good good
2019年10月7日,5,好
2019年10月17日,5,Very good
2019年10月3日,5,速度快
2019年9月13日,5,好用
2019年9月12日,4,簡單易用
2019年9月12日,4,Good
2019年10月12日,4,None
2019年9月4日,3,讚
2019年9月12日,1,無法使用
2019年9月12日,1,不能更新
2019年9月12日,5,很好用
2019年10月9日,5,讚
2019年9月12日,5,Good
2019年9月12日,5,讚
2020年3月10日,5,Gogogo
2019年8月19日,4,😀😀😀
2019年9月12日,5,無法更新
2019年9月12日,5,👍
2019年7月26日,5,好用！
2019年10月5日,5,方便
2019年8月5日,5,好
2019年6月13日,5,讚
2019年7月29日,5,Good
2019年7月25日,5,好用
2019年7月25日,5,太棒了
2019年7月29日,5,好用
2019年6月13日,4,好用
2019年6月13日,5,不錯
2019年6月16日,5,棒棒棒棒棒
2019年4月14日,2,超難搞，天才
2019年4月28日,5,好用
2019年4月3日,1,不好操作
2019年4月6日,4,好用
2019年4月2日,5,好用，方便!
2019年4月2日,5,good
2019年4月4日,5,好的
2019年4月2日,5,好用！
2019年4月8日,1,爛
2019年5月9日,5,good
2019年4月2日,5,good
2019年3月15日,5,Convenience
2019年4月3日,5,good
2019年4月3日,5,還不錯
2019年4月3日,5,0上
2019年5月11日,5,改版後沒辦法順利訂機票
2019年3月15日,3,無法更新
2019年6月8日,4,不錯
2019年3月16日,4,方便
2019年3月15日,3,no comment
2019年3月21日,5,訂票方便
2019年3月15日,5,great
2019年3月20日,5,ok
2019年3月15日,5,方便
2019年3月21日,5,可靠快速
2019年2月22日,5,方便快捷
2019年3月8日,5,很棒
2019年3月19日,5,很好
2019年3月13日,5,5星
2019年4月29日,5,好用
2019年6月17日,5,👍
2019年2月12日,4,簡單易懂
2019年2月13日,2,不好用
2019年2月12日,4,好用
2019年2月14日,5,非常不錯。
2019年2月16日,5,good
2019年3月18日,5,讚
2019年2月12日,5,great
2019年2月12日,5,順手
2018年12月7日,5,辦理預辦登機時，會員資料並沒有帶過來。無法理解這個設計邏輯是什麼？
2019年3月27日,5,ok
2019年1月2日,5,Nice
2019年1月8日,5,很方便
2018年11月5日,5,好用
2019年3月16日,5,還行
2018年10月30日,5,Smart App. I like it. Thanks
2018年10月31日,5,很好用
2018年11月5日,5,方便好用
2018年10月29日,1,强迫更新
2018年10月12日,5,很好用
2019年2月15日,1,ˋˊˋˇˋˋˊˇ
2018年10月29日,5,方便
2018年10月10日,5,Good
2018年10月19日,5,很好
2018年10月3日,5,It's good because the flight would be connected to google calender.
2018年10月2日,5,"So far very Good, thank you"
2018年10月5日,4,感謝
2018年8月26日,1,查詢行程的功能，自動帶出的英文“姓”及“名”，二者互調了，還不能手動改名。完全無法查行程。
2018年10月11日,1,App簡直什麼玩意兒？不順登入！不順更新！你公司有無人員在管理訂票網路的？？？……？？？你們有無人閱讀市場群眾對你們的投訴意見的？？？其怪你們怎經營的？？？真是老油条！謙虛聆聽堅決不改！！！
2018年9月7日,3,預辦登機明明就列出行程了，按確認後，有說找不到行程資訊...天啊，這APP也太弱了吧...
2018年9月9日,4,預定餐點選兒童餐之後一直顯示未選擇，系統有bug
2018年8月25日,1,更新後還是叫我再更新
2018年9月3日,1,居然說查無行程
2018年8月25日,1,更新後無法使用
2018年10月12日,5,ok
2019年2月18日,5,好
2018年10月3日,5,棒
2018年8月18日,2,生日的選擇設計是一個腦殘的作法耶，要由現在的日期拉到自己出生日，這是那家公司設計的啊
2018年8月24日,1,"重装還是不停出現""Trust anchor for certification path not found""，没有比它更垃圾的了。"
2018年8月24日,2,一直出現Java.security.cert.certpath validatorexception trust anchor for certification path not found這樣要怎麼訂票呀...
2018年8月23日,2,只能針對華航自己有飛的旅程，轉機方式的旅程完全無法使用，必須用網頁模式。Why?可以解釋嗎？
2018年8月11日,3,驗證真人畫面過了沒辦法進入訂位畫面
2018年9月1日,3,已修正。
2018年7月10日,2,要加入會員，生日欄無法自行輸入，居然要逐月手滑，若是70歲的人要滑多久啊啊啊啊啊！
2018年7月20日,1,很不好用的介面，你們這麼大的公司做出來的app水準不該如此。
2018年7月18日,3,有待改善的地方挺多： 需要輸入日期的欄目，可以改成自行輸入嗎？逐月掃好煩人呢！ 航餐可以變成每次選擇嗎？人總會有不同需求的時候吧！……
2018年7月15日,1,改版之後操作變不好操作了，感覺看不太懂😑😑
2018年7月10日,2,是我笨嗎？點了老半天點不到我要找尋的班機
2018年8月2日,5,做的非常好的app，非常流暢現代的UI設計，一切操作很人性化直覺，這個一定要給五顆，你的改變我看的見。
2018年8月2日,1,terrible UX
2018年6月12日,1,於官網確認餐點後，在APP上卻顯示艙等不能選餐。無法同步資訊的APP非常需要儘速改進
2018年6月7日,1,改回原先版本還比較好操作～現在這個版本非常不好用，而且機票定位功能幾乎不能用。
2018年6月8日,1,"在電腦上check in 
並取得登機證後，在APP裡卻都沒有紀錄，如果說是因為在電腦官網上沒有輸入華夏會員證號，而無法在APP也抓到一樣的資料的話，在官網上的操作介面也請強調會員證號的輸入，否則都check 
in完了才知道最好要輸入華夏證號，很不方便。查無check in跟登機證的APP，我不知道要它何用？"
2018年6月18日,2,此app加入華夏會員，生日輸入，無法用按鍵入，要用滑的，假如1949年生要滑到瘋掉，網頁價錢比app便宜
2018年7月6日,3,選擇輸入會員生日的方式太白癡，竟然要從當日一直點前一個月，年紀大的人要點到手指酸才能找到自己的生日，這種誇張的bug請改正。
2018年7月12日,1,幹嘛強制更新，還不能用，你們知道在中國連不了Google Play進行更新嗎？真被你們打敗了，要做些操作都不能做。
2018年6月18日,2,原來的版本比較好用，這版本不好用
2018年7月12日,4,介面不夠清楚
2018年7月8日,5,我♥華航
2018年5月27日,1,我在大陸逼迫我翻牆更新才能用app，難道應用寶不會上架華航app嗎？不會自動更新app嗎？為何要翻牆更新才能使用呢
2018年6月10日,1,稳定性差，要说有什么建议...实在很多，倒不如请贵公司多看别人家的APP吧，感受什么是服务和便利，消费者要的是什么
2018年6月8日,1,一直閃退，連不上，資訊更新慢，訂票到了付款頁面就掛了
2018年5月31日,1,完全無法訂票，裝了也沒用，直接刪掉算了
2018年5月29日,1,"更新後超難用,回不去了嗎？"
2018年5月25日,1,更新後完全沒辦法訂票
2018年5月26日,1,還是不能訂票
2018年5月25日,2,根本無法訂票
2018年6月4日,4,nice and better by better.
2018年5月25日,1,太差了
2018年5月23日,1,一整天都無法訂票，一直顯示網路錯誤，生日輸入系統也很蠢
2018年5月24日,2,突然更新後，訂機票一直顯示網路錯誤，這問題蠻嚴重的，請重視
2018年5月24日,1,更新及同意私隱政策後就用唔到
2018年5月25日,3,為何無法查詢機票 訂機票 都不用有人出來回應嗎？
2018年5月23日,1,一直無法訂票是哪招??強迫我們換家嗎？
2018年5月24日,3,更新后無法訂票！
2018年5月23日,1,強迫更新後無法訂票
2018年5月24日,3,沒辦法訂票 一直顯示錯誤
2018年5月24日,5,更新後無法訂票，生日輸入的話其實我之前也是點了很久，最後無意間發現，他最上面有一個年份（不是你點月份的那個）點下去就可以選年份了！！
2018年6月6日,1,有問題，無法訂票，急，有什麼方法？
2018年5月31日,5,可以改時間就更好
2018年5月23日,1,無法訂票
2018年5月24日,1,無法訂票
2018年5月12日,1,真想看看是哪個白癡UE/程式設計師搞出這種生日輸入法？另外，生日護照號碼等這種固定資料，不會從會員資料帶入嗎？
2018年4月26日,3,按個人資訊時，app會把已登入的狀態自動登出
2018年5月20日,1,更新之後變的很不好用，查詢機票價錢很麻煩
2018年4月4日,1,很難用，預辦登記輸入生日日期要一頁一頁往前翻，是要叫人翻到何年何月？ 另外，app 只允許商務艙選餐點，其他艙等不能使用app選餐，只能到官網選，這也太奇怪了吧？而且已經在官網有選好餐點，它也無法顯示正確，真的是有待改進!
2018年3月31日,4,很不錯方便，但是能不能修改輸入日期的方式。。因為輸入生日還要一頁一頁往前刷 能否改成可輸入或者捲軸式。。那個真的太不方便了。。。。家母六十歲，我就要往前翻很久
2018年3月31日,4,20180331修正，這次更新正常，不會一直跳針
2018年5月22日,3,生日，護照號碼每次都要重輸
2018年5月20日,2,在手機上。用很不方便，畫面很亂。
2018年4月28日,5,部份已經退票的行程還一直出現沒有消失，麻煩修正一下，謝謝！
2018年5月21日,4,為什麼不能訂機票了？我要訂機票 卻一直無法顯示..
2018年4月26日,1,APP功能不像官網全面
2018年5月18日,1,特別餐點喜好無法更改
2018年4月6日,1,日期可改用輸入的嗎？
2018年5月16日,1,沒有辦法使用
2018年4月13日,5,｜ 中華航空加油
2018年3月20日,1,收到更新通知後，却無法更新!
2018年3月19日,1,一直叫我更新，我明明才剛抓而已.....
2018年3月19日,1,一直彈出更新訊息，無法進入
2018年3月19日,1,一直無法更新，一直彈出更新視窗
2018年3月20日,3,無法更新耶
2018年3月20日,1,無法更新
2018年3月19日,1,一直更新
2018年3月19日,1,很爛 地區碼一直無法提交 為什麼不能選擇 要用自己填 然後提示也不明所以
2018年3月5日,1,生日只能一個月一個月的跳，50歲的人你試試要按幾下才會到生日。 剛剛更新完畢，進入APP 又要我更新，貴公司只花500請人寫APP ?還是這APP 是猴子寫的？
2018年3月5日,3,已經是版本1.0.12，為何開啓程式時會提示有1.0.11更新？
2018年3月17日,1,一直當～～生日要一直按@@…是誰寫的程式啊啊啊啊啊
2018年3月28日,4,可以更有系統
2018年3月10日,5,客戶可以隨時掌握班次
2018年2月18日,1,基本上是除了可以預辦登機之外，完全沒用的程式！完全沒辦法追蹤候補機位，或是座位選位功能根本和電腦版完全不連線，訂位的行程也只能顯示來回程，中間轉機部分或是候補機位還被要求要自己致電訂位辦公室。當初非常排斥由旅行社購買機票就是因為直接由網站購買可以有比較好艙等和服務，如需改位也較方便。以後考慮不在網站購買機票，一樣的價錢乾脆由旅行社辦理。很難過遺憾真是謝謝華航這種服務了…
2018年3月3日,3,個app邊間公司邊個白痴寫架？生日要掃幾百次
2018年2月22日,1,連點開都無法的app
2019年2月8日,4,easy to use than before
2018年4月16日,5,使用便利，強力推薦
2018年1月25日,1,爛到爆的東西  完全沒有即時航班資訊明明就延遲的航班也不標示，都晚三個小時了時間還沒改  爛
2018年1月21日,1,選生日日期可以點上面的西元年份 就可以直接選了 申辦會員 英文名字打錯 卻不能改 爛死了
2018年2月2日,1,為了連續好幾天了！還是無法成功選擇日期和查詢價錢和購票呢？
2018年1月15日,2,Key個生日年，還要一直按倒退鍵，直接選年就好了。
2018年1月10日,1,怎麼沒有法國機場，why
2017年12月29日,1,比原本舊版app還難用
2018年2月1日,1,太難用了
2018年1月16日,5,Good
2017年12月13日,3,預辦登機各項日期都是一按跳一月， 3個人已按了過千下， 作死的。其他功能都ok
2017年12月18日,3,生日選日期的部分，一開始也遇到前面網友們說的問題，後來發現按年份的地方可以跳出年份選單，從那邊選會快很多，不用一個月一個月往前找，但觸控的範圍有點小，對螢幕較小或手指比較大的使用者來說不是很好點選。
2018年2月25日,5,不錯的APP詳細再研究
2017年12月11日,4,Good
2017年10月31日,3,進入預辦登機頁面後，生日，護照日期等資料，寫入日期要一頁一頁滑，1980年生要滑上百次。又不能預儲存，每次辦登機都很耗時。
2017年11月23日,4,新加入，目前感覺還好。
2017年10月30日,5,不錯用
2017年10月23日,1,官網已經確認的行程，在App輸入正確的相關資料後結果卻是查無資料，不然就是姓名錯誤。看來跟官網沒有連線，請再修正！
2017年10月15日,2,App不能預辦登機還找不到記錄...官網可以辦.....到底
2017年10月13日,3,經常查不到行程，但電腦網頁查的到。APP卻查無資料
2017年10月26日,2,不能去回程分別訂不同艙等
2017年10月25日,4,請問如何新增隨行旅客？
2017年10月2日,4,生日输入有些繁琐
2017年7月23日,3,希望在QR CODE 那邊能標示登機門、登機時間、登機位置zone，這樣資訊可以更完善。
2017年9月19日,1,無法連線點餐和頁面，一直跳出警示...重新開啟仍無法使用。
2017年7月23日,3,註冊填生日很麻煩，40歲要滑幾次才能找到該年份啊！
2017年10月9日,1,很爛，跟本不能用，是不是有內鬼搞破壞呀！
2017年7月22日,1,更新後無法查詢行程，一直出現逾時連線，原本的預定行程也不見了.....
2017年8月27日,4,改版後順暢很多，如果能在航班動態裡面顯示飛機型號就更好了
2017年8月17日,3,想劃位都讀不出來，等很久很久很久……當機嗎？麻煩修正一下，謝謝
2017年8月5日,4,方便實用，反應迅速，好過國x app好多。不過太早能揀位了，限制起飛前一週內揀位較合理。另外個人資料未能更新，希改善。
2017年7月21日,1,更新後一直出現逾時連線，無法查詢
2017年7月21日,1,無法使用，一直在連線逾時，太差勁了！😈😈😠😠
2017年7月19日,1,一直出現連線逾時，無法查詢與登錄
2017年7月21日,1,一直連線逾時 什麼都不能做啊！
2017年7月21日,1,一直顯示連線逾時，無法登入
2017年7月26日,2,護照姓氏不管怎麼填都格式錯誤無法加入!!
2017年8月4日,1,很爛的APP跟航空公司
2017年7月22日,1,爛透了 跑都跑不出來
2017年7月21日,1,一直無法連線
2017年8月9日,5,華航是我永遠朋友
2017年9月11日,5,方便，好用
2017年8月4日,4,簡單明瞭
2017年7月29日,5,very good
2017年5月11日,1,已經使用最新版，App開啟就要我更新，導引到google play 再點開啟才可使用
2017年7月11日,1,輸入日期要滑幾百次才能選到時間。 設計app自己都不用測試嗎？   有史以來最糟糕的app設計
2017年5月1日,3,會員資料 會員哩程 怎麼不會自己登入 資訊不同步 化位完哩程不會自動紀錄 跟長榮學點
2017年6月2日,1,登入會員狀態下居然一直無法使用預辦登機，登出後才就可以用。也沒辦法存在登記證裡，只能自己螢幕截圖，爛死了
2017年5月20日,2,一進app就導引到google play開啟，不然進不了app。你中國知道是連不上google play的吧？!
2017年5月22日,1,不能顯示完整的來回訂位紀錄(包含候補狀況)。只顯示出發及目的地的動態地圖，毫無益義，這对旅客行程計劃没有幫助。
2017年5月29日,1,爛透了，沒辦法預辦登機，輸入資料搜尋不到！！
2017年6月20日,1,不停載入中，最後話連接逾時。 完全用不了。
2017年6月3日,1,很不專業的設計，不够人性化，多向新航學習吧！
2017年7月21日,2,無法預辦登機，總是出現連線逾時。
2017年4月26日,4,輸入日期的地方，要一個月一個月滑，有點累(尤其一次要幫多人預辦登機的時候)。建議可以結合手動輸入的方式(例如證件號碼的輸入方式)，辛苦囉~
2017年7月17日,1,預辦登機後找不到畫面
2017年6月7日,4,越來越順，不會當機
2017年5月19日,4,Good
2017年4月19日,2,想要預選座位找不到這功能，想查詢我的訂位，也查無資料，明明昨天已刷卡，旅行社也把電子機票寄給我了。
2017年4月23日,1,預辦登機選項輸入出生年月要從本年度的月份，一月一月的倒回出生年月
2017年4月10日,4,填日期相關選項的時候無法直接選取 只能慢慢往回選有點費時
2017年4月18日,5,但是哩程數竟會失效，我們的忠誠度是否也要跟著失效？
2017年4月15日,4,我爱臺湾
2017年4月11日,5,好用又方便
2017年3月20日,3,"明明是新版了但開啟APP時還是出現需要更新，按下更新後進到Google Play才能開啟，在其他地方還可以連到Google Play, 但在大陸根本沒辦法連所以APP就不能用了。"
2016年12月27日,3,質料都打完顯示我的會員電子郵件是我的沒錯之後又建議我的會員質料更改為什麼沒有顯示，按變更顯示email欄位是必要項，就無法登入
2017年3月10日,2,華航app程式設計人員似乎只用ios系統手機測試功能，android系統手機之前訂位當天來回是不行的，預辦登機登錄出生日期居然只能一個月一個月慢慢按，一位50歲的乘客要按600次才能登錄成功，來回就是1200次，還沒坐上飛機手指頭就廢了，周邊朋友用蘋果手機完全沒這些問題，訂位問題已改善，預辦登機仍未解決
2016年12月14日,2,追蹤的航班在首頁資訊不會更新，等於沒用的資訊。每次都要到航班動態重新查詢才有最新時間。
2017年4月5日,4,介面比舊版好很多很漂亮，操作也方便多了，只是訂票是讀取還是很慢，而且有時候會卡住就不動了
2017年1月23日,3,為何只要通知航班異動之後，那段的行程就會不見了，來回只剩單程，麻煩修正
2016年12月20日,2,時刻表上應該要增加機型資訊，讓乘客知道搭乘的是什麼機型
2017年3月2日,1,餐點預選網路都可以選，而且已經選好了，App的餐點預選還在呈現還不能預選
2017年2月14日,1,"難用!! 年份不能直接選,得用月份慢慢往前選,根本浪費時間,顯然完全沒有考慮使用者習慣."
2017年1月6日,1,要我用電腦買都算，仲要開IE買，你地間公司可唔可以跟上時代既步伐啊??
2017年2月24日,2,嚐試改二次密碼，手機就是一直出現密碼錯誤，大家都說好用，我都快暴走了
2017年3月19日,1,官網提供的機位與票價， 遠比其他代訂app所提供的來得糟… 而且運作時間超久， 查機票可以耗上幾分鐘才顯示結果。 毫無競爭力～～！
2017年3月6日,3,預辦登機出生日期 竟然要一個月一個月翻 重大缺失
2017年1月31日,1,預辦登機無法使用，舊版明明能用的，新版只會顯示查無資料(試了會員和訂位代碼都不行，電子機票號碼根本說格式不合)，結果只能用網頁…那還要裝APP幹什麼！！
2017年2月5日,4,預辦登機裡的新增旅行證件中，郵寄地址的國家沒辦法選擇，只顯示美國而已，請改進，謝謝！
2017年4月10日,4,比以前舊版好用，較不卡了，也能順利預辦登機
2017年2月8日,3,為什麼我帳號密碼都對卻一直說我錯誤！！請改善！
2017年3月8日,4,希望Apps能用上下轉轆來選擇日期，按到手也倦了！！！
2016年12月19日,1,完全不能查  不知道這個app的存在是為了什麼？
2017年3月9日,1,不能預辦登機，一直顯示錯誤
2017年3月18日,1,訂位機票輸入完畢 查詢 完全沒反應
2016年12月28日,5,有使者說没有顯示航班機型，我有看到啊！點先行程後往下拉就會出現機型，只差在不能點進去看座艙圖罷。
2016年12月17日,1,每次開啟都要求更新，已經更新了啊！
2017年3月20日,3,新版 無法點選座位
2017年2月8日,4,有進步，華航請繼續加油。
2017年1月5日,4,能線上報到，很棒！
2016年12月16日,2,Not as convenient as the old system.
2017年3月30日,3,怎么突然不能预办登机
2017年2月18日,1,比前ㄧ版本友善
2016年12月14日,5,比舊版好太多，也比長榮的優
2017年2月9日,5,新版很好用，介面也不錯！劃位、預購…等功能，都蠻方便的！
2017年3月17日,3,為何找不到預選座位功能?
2016年12月31日,5,越來越好了，現在操作更容易
2016年12月14日,5,預辦登機超簡單
2016年12月26日,5,Easy access and update information quickly.
2017年2月18日,4,Not so smooth
2016年12月8日,5,系統清楚明瞭，處理速度快
2016年12月29日,5,會..因為方便
2017年2月21日,5,非常方便好用
2017年3月25日,5,美觀，方便
2017年1月1日,1,請改進
2016年12月30日,1,無法登入
2017年1月21日,1,無法登入
2016年12月17日,5,很方便
2016年11月5日,4,這版本終於堪用，但很多細節還需修正加強。建議多參考達美航空數位服務。
2016年11月18日,3,查行程，只找到回程而無去程，這樣無法報到啊! 用舊版的APP才可以...
2016年11月22日,3,航班狀態地圖被時刻表擋住，用不掉
2016年11月6日,3,輸入日期時為什麼不可以直接輸入，要每個月按？
2016年11月19日,5,讚，長輩座過服務很好                                   盼望將來也能搭乘出遊                                      聽說航班都是由旅行社統籌劃位的             還未出遠門的我也不懂                                 都是聽朋友們講的
2016年12月5日,3,每次選日曆都要點很久，請改善
2016年12月5日,5,確實進步，站在使用者角度設計的app 最實用.
2016年11月11日,3,因我還不大會操作！
2016年12月1日,5,經常出國，有了它，才不會忘東忘西。讚
2016年11月7日,1,英國的都看不到
2016年11月26日,4,為何單程比來回機票還貴
2016年11月4日,5,因為齊全的功能讓我更期待之後的旅程了!
2016年11月3日,5,畫面簡潔，操作便利，速度也很快！
2016年11月4日,5,介面簡潔美觀!資訊也清楚!
2016年11月12日,5,推 資訊豐富 實用好軟體
2016年11月4日,5,畫面精緻，功能多元，非常喜歡！
2016年11月3日,5,便捷、好用
2016年11月24日,2,請修復
2016年12月2日,5,親切！
